PartyName,PartyNameEnglish,EstablishmentDate,MemberCount,Leadership,EstablishmentApprovalDate,RegistrationApplicationDate,RegistrationApprovalDate,ApprovedPartyNumber,PartyFlag,PartySeal,Chairman,Region,Headquarters,Contact,Policy
မြိုတိုင်းရင်းသားဖွံ့ဖြိုး​ရေးပါတီ,Mro National Development Party(MNDP),ပုဒ်မ ၂၅ အရ လျှောက်ထားခြင်း,ပုဒ်မ ၂၅ အရ လျှောက်ထားခြင်း,ဦးစံသာအောင်၊ ဦးလာဘွေ,-,၉.၄.၂၀၁၀,၂၈.၄.၂၀၁၀,အမှတ်စဉ်( ၁ ),/images/political/1-flag.jpg,/images/political/1-logo.png,ဦးစံသာအောင်၊ ဦးလာဘွေ,ရခိုင်ပြည်နယ်နှင့် ချင်းပြည်နယ် ပလက်ဝမြို့။,အမှတ်(၂၀၂)၊စာတိုက်လမ်း၊ပြည်တော်သာ ရပ်ကွက်၊ ကျောက်တော်မြို့နယ်၊ရခိုင်ပြည်နယ်,၀၉-၄၂၁၇၃၄၅၀၈(ဥက္ကဌ) ,http://uecmyanmar.org/images/stories/policals_policies/1%20Mro%20or%20Khami%20National%20Solidarity%20Organization.pdf
တိုင်းရင်းသားစည်းလုံးညီညွတ်ရေးပါတီ,National Unity Party,ပုဒ်မ ၂၅ အရ လျှောက်ထားခြင်း,ပုဒ်မ ၂၅ အရ လျှောက်ထားခြင်း,ဦးထွန်းရီ၊ ဦးသန်းတင်,-,၂၉.၃.၂၀၁၀,၂၉.၄.၂၀၁၀,အမှတ်စဉ်( ၂ ),/images/political/2-flag.png,/images/political/2-logo.jpg,ဦးထွန်းရီ၊ ဦးသန်းတင်(ထွေ/မှူး),ပြည်ထောင်စုတစ်ဝန်းလုံး,အမှတ် (၂၄)၊ အောင်ဇေယျလမ်း၊ ရွှေတောင်ကြား(၁)ရပ်ကွက်၊ ဗဟန်းမြို့နယ်၊ ရန်ကုန်တိုင်းဒေသကြီး,၀၉-၄၂၁၁၀၉၅၅၀၊ ၀၁-၅၃၇၆၀၁၊ ၀၁-၅၅၇၄၈၀၊ ၀၁-၅၅၄၂၁၉(ဖက်စ်),http://uecmyanmar.org/images/stories/policals_policies/2/2.1.pdf
လားဟူအမျိုးသားဖွံ့ဖြိုးတိုးတက်ရေးပါတီ,La Hu National Development Party,ပုဒ်မ ၂၅ အရ လျှောက်ထားခြင်း,ပုဒ်မ ၂၅ အရ လျှောက်ထားခြင်း,ဦးကျဟားရှဲ၊ ဦးယောသပ်,ပုဒ်မ ၂၅ အရ လျှောက်ထားခြင်း,၂၃.၄.၂၀၁၀,၂၉.၄.၂၀၁၀,အမှတ်စဉ်( ၃ ),/images/political/3-flag.jpg,/images/political/3-logo.jpg, ဦးယောသပ်၊ ဦးသက်ဝင်း(ထွေ/မှူး),ရှမ်းပြည်နယ်အတွင်း,အမှတ်(၄၃)၊ လမ်းသွယ်(၄)၊ ပါရမီလမ်း၊ ရပ်ကွက်(၁)၊ လားရှိုးမြို့၊ ရှမ်းပြည်နယ်။    ,၀၉-၄၉၂၁၉၆၇၂(ဦးယောသပ်)၊  ၀၈၂-၂၂၇၁၃၊ ၀၈၂-၂၃၁၀၆,http://uecmyanmar.org/images/stories/policals_policies/3La%20Hu%20National%20Development%20Party.pdf
ကိုးကန့်ဒီမိုကရေစီနှင့်ညီညွတ်ရေးပါတီ,Kokang Democracy and Unity Party,ပုဒ်မ ၂၅ အရ လျှောက်ထားခြင်း,ပုဒ်မ ၂၅ အရ လျှောက်ထားခြင်း,ဦးလော်ဆင်ကွမ်း၊ ဦးခင်မောင်အေး,ပုဒ်မ ၂၅ အရ လျှောက်ထားခြင်း,၃၀.၄.၂၀၁၀,၇.၅.၂၀၁၀,အမှတ်စဉ်( ၄ ),/images/political/4-flag.jpg,/images/political/4-logo.jpg,ဦးထွန်းနိုင်၊ ဦးဇော်ထွန်း(တွင်း/မှူး-၁)			,ရှမ်းပြည်နယ်အတွင်း,အမှတ်(၂၆)၊ မြဝတီလမ်း၊ နယ်မြေ(၅)၊   ရပ်ကွက်(၁)၊လားရှိုးမြို့၊ ရှမ်းပြည်နယ်။,၀၉-၅၂၆၂၁၉၅(ဦးလော်ဆင်ကွမ်း)၊ ၀၉-၆၇၀၀၉၇၁၊ ၀၈၂-၂၄၆၂၇(ဖက်စ်),http://uecmyanmar.org/images/stories/policals_policies/4Kokang%20Democracy%20and%20Unity%20Party.pdf
ပအိုဝ်းအမျိုးသားအဖွဲ့ချုပ်(PNO)ပါတီ,Pao National Organization (PNO),၂.၄.၂၀၁၀,၁၅ ဦး,ဦးစံလွင်၊ ဦးဝင်းကို,၂၃.၄.၂၀၁၀,၆.၅.၂၀၁၀,၁၃.၅.၂၀၁၀,အမှတ်စဉ်( ၅ ),/images/political/5-flag.png,/images/political/5-logo.jpg, ဦးစံလွင်၊ ဦးခွန်သိန်းဖေ,ပြည်ထောင်စုတစ်ဝန်းလုံး,အမှတ်(၁၈)၊ အနောက်မြို့ပတ်လမ်း၊ စျေးပိုင်းရပ်၊ တောင်ကြီးမြို့၊ ရှမ်းပြည်နယ်။,၀၉-၄၉၃၆၃၂၈၂,http://uecmyanmar.org/images/stories/policals_policies/5Pao%20National%20Organization%20PNO.pdf
ဒီမိုကရက်တစ်ပါတီ(မြန်မာ),Democratic Party(Myanmar),၃၀.၃.၂၀၁၀,၂၀ ဦး,ဦးသုဝေ၊ ဒေါ်သန်းသန်းနု,၂၉.၄.၂၀၁၀,၁၁.၅.၂၀၁၀,၂၀.၅.၂၀၁၀,အမှတ်စဉ်( ၆ ),/images/political/6-flag.jpg,/images/political/6-logo.jpg,ဦးသုဝေ၊ ဒေါ်သန်းသန်းနု(တွင်း/မှူးချုပ်),ပြည်ထောင်စုတစ်ဝန်းလုံး,အမှတ်(၄၆၅)၊ သိမ်ဖြူလမ်း၊ ဖို့မြေရပ်ကွက်၊ မင်္ဂလာတောင်ညွန့်မြို့နယ်၊ ရန်ကုန်တိုင်းဒေသကြီး။,၀၉-၈၀၂၀၂၅၄၊ ၀၁-၅၄၁၆၄၉(ဒေါ်သန်းသန်းနု)၊ ၀၉-၅၀၈၄၉၆၃,http://uecmyanmar.org/images/stories/policals_policies/6Democratic%20Party%20Myanmar.pdf
ကယန်းအမျိုးသားပါတီ,Kayan National Party,၂၆.၄.၂၀၁၀,၁၇  ဦး,ဦးခူးယူဂျင်း၊ ဦးလောရင်း,၄.၅.၂၀၁၀,၁၁.၅.၂၀၁၀,၂၀.၅.၂၀၁၀,အမှတ်စဉ်( ၇ ),/images/political/7-flag.jpg,/images/political/7-logo.jpg,ဦးခူးယူဂျင်း၊ ဦးနန်းရီ(ထွေ/မှူး) ,ပြည်ထောင်စုတစ်ဝန်းလုံး,အမှတ်(ည/၁၂၅)၊ သိုင်းဗဟန်လမ်း၊ ညောင်ကုန်း (၃)ရပ်ကွက်၊ ဖယ်ခုံမြို့၊ ရှမ်းပြည်နယ်။    ,၀၈၁-၅၆၁၅၃(ဦးခူးယူဂျင်),http://uecmyanmar.org/images/stories/policals_policies/7Kayan%20National%20Party.pdf
ရခိုင်ပြည်နယ်အမျိုးသားအင်အားစုပါတီ,Rakhine State National United Party,၂၈.၄.၂၀၁၀,၁၅ ဦး,ဦးအေးကြိုင်၊ ဦးတင်မြင့်,၄.၅.၂၀၁၀,၁၁.၅.၂၀၁၀,၂၀.၅.၂၀၁၀,အမှတ်စဉ်( ၈ ),/images/political/8-flag.jpg,/images/political/8-logo.jpg, ဦးအေးကြိုင်၊ ဦးမောင်အုံးတင်(တွဲ-တွင်း/မှူး),ပြည်ထောင်စုတစ်ဝန်းလုံး,အမှတ်(၅၄)၊ (၁၄/၂)ရပ်ကွက်၊ ရွှေပြည်စိုးလမ်း တောင်ဥက္ကလာပမြို့နယ်၊ ရန်ကုန်တိုင်းဒေသကြီး     ,၀၉-၄၂၁၀၉၅၈၃၃(ဦးအေးကြိုင်)၊ ၀၉-၄၂၀၁၀၄၂၄၅(ဦးညီညီ)၊,http://uecmyanmar.org/images/stories/policals_policies/8%20Rakhine%20State%20National%20United%20Party%20of%20Myanmar.pdf
ကရင်ပြည်သူ့ပါတီ,Kayin Peoples Party (KPP),၃၁.၃.၂၀၁၀,၁၆ ဦး,ဦးထွန်းအောင်မြင့် ၊ ဦးစောစေးဝါး(ထွေ/မှူး),၂၉.၄.၂၀၁၀,၁၂.၅.၂၀၁၀,၂၁.၅.၂၀၁၀,အမှတ်စဉ်( ၉ ),/images/political/9-flag.jpg,/images/political/9-logo.jpg, ဦးထွန်းအောင်မြင့် ၊ ဦးစောစေးဝါး(ထွေ/မှူး),ပြည်ထောင်စုတစ်ဝန်းလုံး,အမှတ်(၆၃၂)၊ ဃ/၁၆၊ အာဇာနည်လမ်း ၊    အမှတ်(၄)လမ်းမဆုံ၊ ရပ်ကွက်(၅)၊ ရွှေပြည်သာမြို့နယ်၊ ရန်ကုန်တိုင်းဒေသကြီး။,၀၉-၅၁၈၀၁၆၄၊  ၀၁-၆၁၁၆၁၂,http://uecmyanmar.org/images/stories/policals_policies/9Kayin%20Peoples%20Party%20KPP.pdf
“ဝ”အမျိုးသားစည်းလုံးညီညွတ်ရေးပါတီ,Wa National Unity Party,၂၉.၄.၂၀၁၀,၁၅ ဦး,ဦးလုပ်ပေါင်း၊ ဦးညီပလုပ်,၄.၅.၂၀၁၀,၁၂.၅.၂၀၁၀,၂၁.၅.၂၀၁၀,အမှတ်စဉ်( ၁၀ ),/images/political/10-flag.jpg,/images/political/10-logo.jpg,ဦးညီပလုပ် ၊ ဦးဂျိုးဇက်ထွန်း(တွင်း/မှူး-၁),ရှမ်းပြည်နယ်အတွင်း,အမှတ်(၃၆)ဗျူဟာလမ်း၊ နယ်မြေ(၂)၊ (၁)ရပ်ကွက်၊ လားရှိုးမြို့၊ ရှမ်းပြည်နယ်။      ,၀၉-၄၀၃၇၄၂၅၄၀(ဦ:ဆမ်ဆောင်ကား) ၀၉-၅၂၆၀၃၁၉၊ ၀၈၂-၂၂၂၂၉၊ ၀၉-၅၂၆၀၂၉၃၊ ၀၈၂-၂၂၇၁၃,http://uecmyanmar.org/images/stories/policals_policies/10/10.1.pdf
တအာင်း(ပလောင်)အမျိုးသားပါတီ,Ta-Arng (Palaung) National Party,၈.၄.၂၀၁၀,၁၅ ဦး,ဦးအိုက်မုန်း၊ ဦးထွန်းကျော်,၂၃.၄.၂၀၁၀,၁၄.၅.၂၀၁၀,၂၄.၅.၂၀၁၀,အမှတ်စဉ်( ၁၂ ),/images/political/11-flag.jpg,/images/political/11-logo.jpg, ဦးအိုက်မုန်း၊ ဦးထွန်းကျော်(ထွေ/မှူး),ပြည်ထောင်စုတစ်ဝန်းလုံး,အမှတ်(က/၁၁၀)ဗိုလ်ချုပ်အောင်ဆန်းလမ်း၊ မင်္ဂလာရပ်၊ နမ့်ဆန်မြို့၊ ရှမ်းပြည်နယ်။   ,၀၉-၂၀၀၃၅၄၁(ဦ:မိုင်းအုဏ်းခိုင်)၊ ၀၉-၄၃၁၄၆၂၅၀၊ ၀၉-၆၇၁၂၀၅၁(ဦးအိုက်မုန်း)၊ ၀၉-၉၀၄၀၆၅၁,http://uecmyanmar.org/images/stories/policals_policies/11Ta-Arng%20PalaungNational%20Party.pdf
မွန်ဒေသလုံးဆိုင်ရာဒီမိုကရေစီပါတီ,All Mon Regions Democracy Party,၃၀.၄.၂၀၁၀,၁၅ ဦး,ဦးငွေသိန်း၊ ဦးနိုင်လှအောင်,၄.၅.၂၀၁၀,၁၄.၅.၂၀၁၀,၂၄.၅.၂၀၁၀,အမှတ်စဉ်( ၁၃ ),/images/political/12-flag.jpg,/images/political/12-logo.jpg,ဦးငွေသိန်း၊ ဦးထွန်းရီ(ခ)မင်းနွယ်စိုး(ထွေ/မှူး),ပြည်ထောင်စုတစ်ဝန်းလုံး,ခြံအမှတ်(၂၂၇)၊ (၆)လမ်း၊ မြိုင်သာယာမြို့သစ်၊ မော်လမြိုင်မြို့၊ မွန်ပြည်နယ်။,၀၉-၅၃၂၁၄၁၇(ဦ:ငွေသိန်း)၊ ၀၉-၈၇၃၀၉၆၄(ဦးနိုင်လှအောင်)၊ ၀၉-၄၂၅၂၆၆၂၉၇(စံတင်),http://uecmyanmar.org/images/stories/policals_policies/12All%20Mon%20Regions%20Democracy%20Party.pdf
ဒီမိုကရေစီနှင့်ငြိမ်းချမ်းရေးပါတီ,Democracy and Peace Party,၄.၅.၂၀၁၀,၁၇ ဦး,ဦးစိုးမောင်၊ ဦးလှမျိုးမြင့်,၆.၅.၂၀၁၀,၁၃.၅.၂၀၁၀,၂၄.၅.၂၀၁၀,အမှတ်စဉ်( ၁၄ ),/images/political/13-flag.jpg,/images/political/13-logo.jpg,ဦးအောင်သန်း၊ ဦးမျိုးမြင့်(ထွေ/မှူး),ပြည်ထောင်စုတစ်ဝန်းလုံး,အမှတ်(၁၀၃)၊ (၃လွှာ)၊ သမိန်ဗရမ်းလမ်း၊ တာမွေကြီး(က+ဂ)ရပ်ကွက်၊ တာမွေမြို့နယ်၊ ရန်ကုန်တိုင်းဒေသကြီး။,၀၉-၇၃၀၈၂၄၅၁၊ ၀၉-၇၃၂၀၄၈၃၄(ဦ:စိုးမောင်)၊ ၀၉-၇၃၁၃၃၇၇၇၊ ၀၉-၈၆၃၁၅၁၆(ဦးအောင်သန်း),http://uecmyanmar.org/images/stories/policals_policies/13Democracy%20and%20Peace%20Party.pdf
ရှမ်းတိုင်းရင်းသားများဒီမိုကရက်တစ်ပါတီ,Shan Nationalities Democratic Party,၈.၄.၂၀၁၀,၁၅ ဦး,ဦးစိုင်းအိုက်ပေါင်း၊ ဦးနယ်(လ်)ဆင်(ခ)ဦးဆောင်ဆီ,၃.၅.၂၀၁၀,၁၈.၅.၂၀၁၀,၂၆.၅.၂၀၁၀,အမှတ်စဉ်( ၁၅ ),/images/political/14-flag.png,/images/political/14-logo.jpg,ဦးစိုင်းအိုက်ပေါင်း၊ ဦးစိုင်းလှကျော်(ထွေ/မှူး) ,ပြည်ထောင်စုတစ်ဝန်းလုံး,အမှတ်(၃၂၆)၊တောင်ကျောင်းလမ်း၊ မြို့မရပ်၊ တောင်ကြီးမြို့၊ ရှမ်းပြည်နယ်။,၀၉-၄၁၀၀၈၂၂၅(ဦ:စောယွန်းပိုင်)၊ ၀၉-၅၁၅၉၉၉၈၊ ၀၉-၂၀၂၁၃၅၈ (ဦးစိုင်းမောင်တင်)၊ ၀၈၁-၂၀၂၀၆၄၊ ၀၉-၇၃၀၄၆၂၀၆(ဦးစိုင်းလှကျော်),http://uecmyanmar.org/images/stories/policals_policies/14Shan%20Nationalities%20Democratic%20Party.pdf
ညီညွတ်သောဒီမိုကရက်တစ်ပါတီ(UDP),United Democratic Party (UDP),၃.၅.၂၀၁၀,၁၇ ဦး,ဦးဘိုမောင်း(နုတ်ထွက်)၊ ဦးလှမြင့်,၆.၅.၂၀၁၀,၁၇.၅.၂၀၁၀,၂၆.၅.၂၀၁၀,အမှတ်စဉ်( ၁၆ ),/images/political/15-flag.jpg,/images/political/15-logo.jpg,ဦးလှမြင့် ၊ ဦးမျိုးညွန့်(တွဲ-တွင်း/မှူး),ပြည်ထောင်စုတစ်ဝန်းလုံး,၃၄၁၊ ဆုတောင်ပြည့်ဘုရားလမ်း၊ စျေးရပ်ကွက်၊ သရက်မြို့၊ မကွေးတိုင်းဒေသကြီး။,၀၉-၄၀၁၅၇၈၀၅၇(ဥက္ကဌ) ၀၇၁-၅၅၀၇၅၊ ၀၆၈-၂၁၃၉၈၊ ၀၉-၅၀၈၉၂၂၂(ဦးဗန်နေ),http://uecmyanmar.org/images/stories/policals_policies/15United%20Democratic%20Party%20UDP.pdf
၈၈မျိုးဆက်ကျောင်းသားလူငယ်များ(ပြည်ထောင်စုမြန်မာနိုင်ငံ)ပါတီ,The 88 Generation Student Youths  (Union of Myanmar),၂၂.၃.၂၀၁၀,၂၇ ဦး,ဦးရဲထွန်း၊ ဦးသန်းဦး,၂၂.၄.၂၀၁၀,၂၉.၄.၂၀၁၀,၂၆.၅.၂၀၁၀,အမှတ်စဉ်( ၁၇ ),/images/political/16-flag.jpg,/images/political/16-logo.jpg,ဦးရဲထွန်း၊ ဦးလေးစိုး(ထွေ/မှူး),ပြည်ထောင်စုတစ်ဝန်းလုံး,တိုက်(အက်ဖ်)၊ အခန်း(၃၀၁)၊ ပုလဲကွန်ဒိုမီနီယံ ကမ္ဘာအေးဘုရားလမ်း၊ ဗဟန်းမြို့နယ်၊ ရန်ကုန်တိုင်းဒေသကြီး။  ,၀၁-၅၅၆၅၅၄၊ ၀၉-၅၁၉၇၆၂၆,http://uecmyanmar.org/images/stories/policals_policies/16The%2088%20Generation%20Student%20Youths%20Union%20of%20Myanmar.pdf
ပြည်ထောင်စုမြန်မာနိုင်ငံအမျိုးသားနိုင်ငံရေးအဖွဲ့ချုပ်ပါတီ,The Union of Myanmar Federation of National Politics,၂၂.၃.၂၀၁၀,၂၈ ဦး,ဦးအေးလွင်၊ ဦးခင်မောင်ဦး,၂၂.၄.၂၀၁၀,၂၉.၄.၂၀၁၀,၂၆.၅.၂၀၁၀,အမှတ်စဉ်( ၁၈ ),/images/political/17-flag.jpg,/images/political/17-logo.jpg,ဦးအေးလွင်၊ ဦးဌေးငွေ(တွဲ-ထွေ/မှူး) ,ပြည်ထောင်စုတစ်ဝန်းလုံး,တိုက်(အက်ဖ်)၊ အခန်း(၃၀၁)၊ ပုလဲကွန်ဒိုမီနီယံ ကမ္ဘာအေးဘုရားလမ်း၊ ဗဟန်းမြို့နယ်၊ ရန်ကုန်တိုင်းဒေသကြီး။,၀၁-၅၅၆၅၅၄၊ ၀၉-၅၁၈၇၉၉၁,http://uecmyanmar.org/images/stories/policals_policies/17The%20Union%20of%20Myanmar%20Federation%20of%20National%20Politics.pdf
အမျိုးသားနိုင်ငံရေးမဟာမိတ်များအဖွဲ့ချုပ်ပါတီ,National Political Alliance League,၁.၄.၂၀၁၀,၁၅ ဦး,ဦးတင်ထွန်းမောင်၊ ဦးကြည်ဝင်း,၂၉.၄.၂၀၁၀,၁၉.၅.၂၀၁၀,၂၇.၅.၂၀၁၀,အမှတ်စဉ်( ၁၉ ),/images/political/18-flag.jpg, ,ဦးတင်ထွန်းမောင် ၊  ဦးလှအောင်  (တွင်း/မှူး-၁),ပြည်ထောင်စုတစ်ဝန်းလုံး,အမှတ် (၁၀၁၀)(ခ) ၊ ပညာလမ်း ၊ (၄) ရပ်ကွက် ၊  တောင်ဥက္ကလာပ မြို့နယ် ၊ ရန်ကုန်တိုင်းဒေသကြီး,၀၉-  ၇၃၀၉၄၂၁၃(ဦးတင်ထွန်းမောင်)၊ ၀၉- ၂၂၀၁၁၄၁(ဦးဝင်းဇော်)၊ ၀၉-၄၉၂၅၆၄၂၈ (ဦးတင်ဝင်း),http://uecmyanmar.org/images/stories/policals_policies/18National%20Political%20Alliance%20League.pdf
ချင်းအမျိုးသားဒီမိုကရက်တစ်ပါတီ,Chin National Democratic Party,၇.၄.၂၀၁၀,၁၆ ဦး,ဦးဇမ်ကျင်ပေါ်(ခ)ဦးဇိုဇမ်း၊ ဦးချန်ဟဲ,၃.၅.၂၀၁၀,၁၉.၅.၂၀၁၀,၂၇.၅.၂၀၁၀,အမှတ်စဉ်( ၂၁ ),/images/political/19-flag.png,/images/political/19-logo.jpg,ဦးဇမ်ကျင်ပေါ်(ခ)ဦးဇိုဇမ်း၊ ဆလိုင်းထီယံအုပ်ထန်(တွင်း/မှူး-၁),ပြည်ထောင်စုတစ်ဝန်းလုံး,အမှတ်(၁၂၀)၊ အခန်း(၅၂)၊ သုခလှိုင်တိုက် ၊ အင်းစိန်လမ်းမကြီး၊ လှိုင်မြို့နယ်၊ ရန်ကုန်တိုင်းဒေသကြီး။,၀၉-၅၀၃၀၈၇၀( ဦးဇိုဇမ်း) ၊ ၀၁-၆၄၆၃၉၇၊ ၀၉-၄၃၀၉၄၀၈၇၊ ၀၉-၄၃၁၆၃၅၃၉,http://uecmyanmar.org/images/stories/policals_policies/19Chin%20National%20Party.pdf
ဝံသာနုဒီမိုကရက်တစ်ပါတီ,Wun Thar Nu Democratic Party,၉.၄.၂၀၁၀,၂၁ ဦး,ဦးထွန်းရင်(ကွယ်လွန်)၊ ဒေါ်နန်းရွှေကြာ,၂၃.၄.၂၀၁၀,၁၉.၅.၂၀၁၀,၂၇.၅.၂၀၁၀,အမှတ်စဉ်( ၂၂ ),/images/political/20-flag.jpg,/images/political/20-logo.jpg,ဦးရဲမင်း၊ ဒေါ်နန်းရွှေကြာ (ထွေ/မှူး),ပြည်ထောင်စုတစ်ဝန်းလုံး,နန်းဦးလွင်ကျေးရွာအုပ်စု၊ ပုသိမ်ကြီးမြို့နယ်၊ မန္တလေးတိုင်းဒေသကြီး။,၀၉-၆၈၀၆၅၇၂,http://uecmyanmar.org/images/stories/policals_policies/20Wun%20Tha%20Nu%20Democratic%20Party.pdf
ခေတ်သစ်ပြည်သူ့ပါတီ,Modern People Party,၆.၄.၂၀၁၀,၃၄ ဦး,ဦးထွန်းအောင်ကျော်၊ ဦးတင်စိုး,၂၉.၄.၂၀၁၀,၂၀.၅.၂၀၁၀,၂၈.၅.၂၀၁၀,အမှတ်စဉ်( ၂၃ ),/images/political/21-khitthit.png,/images/political/21-logo.jpg,ဦးထွန်းအောင်ကျော်၊ ဒေါ်ရီရီစံ(ထွေ/မှူး),ပြည်ထောင်စုတစ်ဝန်းလုံး,အခန်း(၂၀၂)၊ တိုက်(၅)၊ ကွမ်းခြံ(၆)လမ်း၊ (၄)ရပ်ကွက်၊ ကမာရွတ်မြို့နယ်၊ ရန်ကုန်တိုင်းဒေသကြီး။,၀၉-၇၃၂၃၈၃၂၄(ဦးထွန်းအောင်ကျော်)၊ ၀၉-၈၆၁၄၃၇၂(ဦးလှသိန်း)၊ ၀၁-၅၀၄၈၈၂၊ ၀၁-၅၀၅၃၀၇,http://uecmyanmar.org/images/stories/policals_policies/21Modern%20People%20Party.pdf
ပြည်ထောင်စုဒီမိုကရေစီပါတီ,Union Democratic Party,၈.၄.၂၀၁၀,၁၅  ဦး,ဦးရွှေအုံး(ကွယ်လွန်)၊ ဦးဖြိုးမင်းသိန်း(နုတ်ထွက်),၄.၅.၂၀၁၀,၂၀.၅.၂၀၁၀,၂၈.၅.၂၀၁၀,အမှတ်စဉ်( ၂၄ ),/images/political/22-flag.jpg,/images/political/22-logo.jpg, ဦးသောင်းဝင်း(ထွေ/မှူး),ပြည်ထောင်စုတစ်ဝန်းလုံး,အခန်း(၆၃၇/၆၅၁)၊ အခန်းအမှတ်(၀၀၁/C)၊ ၂၉လမ်းနှင့်ကုန်သည်လမ်းထောင့်် ၊ (၃)ရပ်ကွက်၊ ပန်းဘဲတမ်းမြို့နယ်၊ ရန်ကုန်တိုင်းဒေသကြီး။,၀၁-၅၈၄၂၆၁၊၀၉-၇၃၂၀၃၀၈၅၊ ၀၉-၄၄၈၅၃၇၉၁၄ (ဦးသောင်းဝင်း)၊ ၀၉-၄၄၈၅၃၇၉၁၅,http://uecmyanmar.org/images/stories/policals_policies/22/22.1.pdf
မတူကွဲပြားခြင်းနှင့်ငြိမ်းချမ်းရေးပါတီ,Peace for Diversity Party,၆.၄.၂၀၁၀,၁၇ ဦး,ဦးညိုမင်းလွင်(နုတ်ထွက်)၊ ဦးတင်မောင်အေး,၂၉.၄.၂၀၁၀,၂၄.၅.၂၀၁၀,၁.၆.၂၀၁၀,အမှတ်စဉ်( ၂၅ ),/images/political/23-flag.jpg,/images/political/23-logo.jpg,ဦးနေမျိုးဝေ၊ ဦးအောင်မျိုးဦး(ထွေ/မှူး),ပြည်ထောင်စုတစ်ဝန်းလုံး,အခန်း(၂/၂/၂၃၂)၊မဟော်ဂနီလမ်း၊ ထောက်ကြန့် တိုးချဲ့ရပ်ကွက်၊ မင်္ဂလာဒုံမြို့နယ် ၊  ရန်ကုန်တိုင်းဒေသကြီး။,၀၉-၄၂၁၁၄၈၂၇၅(ဦးနေမျိုးဝေ)၊ ၀၉-၈၆၁၀၇၁၉,http://uecmyanmar.org/images/stories/policals_policies/23Peace%20for%20Diversity%20Party%20P.D.P.pdf
ချင်းတိုးတက်ရေးပါတီ,Chin Progressive Party,၂၃.၄.၂၀၁၀,၂၂ ဦး,ဦးလျှံကြယ်၊ ဦးနိုထန်ဘဲလ်(ခ)နိုထမ်ကပ်,၄.၅.၂၀၁၀,၂၄.၅.၂၀၁၀,၁.၆.၂၀၁၀,အမှတ်စဉ်( ၂၆ ),/images/political/24-flag.jpg,/images/political/24-logo.jpg,ဦးနိုထန်ဘဲလ်(ခ)နိုထမ်ကပ်၊ ဦးဇုန်လှယ်ထန်း(ထွေ/မှူး)  ,ပြည်ထောင်စုတစ်ဝန်းလုံး,တိုက် (၁၄၇)၊ (၅)လွှာ ၊ ၃၇ လမ်း(လယ်) ၊ ကျောက်တံတားမြို့နယ် ၊  ရန်ကုန်တိုင်းဒေသကြီး,၀၁-၅၃၈၃၂၈၊ ၀၉-၅၁၅၅၉၈၃(ဌာနချုပ်) ၊ ၀၁-၆၄၇၄၂၀၊ ၀၉-၈၆၃၆၄၇၀(ဥက္ကဌ)၊ ၀၁-၅၃၇၃၅၂၊ ၀၉-၅၀၁၄၉၁၆(ထွေ/မှူး),http://uecmyanmar.org/images/stories/policals_policies/24Chin%20progressive%20party.pdf
အင်းအမျိုးသားဖွံ့ဖြိုးတိုးတက်ရေးပါတီ,Inn National Development Party,၂၉.၄.၂၀၁၀,၁၅ ဦး,ဦးဝင်းမြင့် ၊ ဦးအောင်ကြည်ဝင်း,၄.၅.၂၀၁၀,၂၄.၅.၂၀၁၀,၁.၆.၂၀၁၀,အမှတ်စဉ်( ၂၇ ),/images/political/25-flag.jpg,/images/political/25-logo.jpg,ဦးဝင်းမြင့် ၊ ဦးထွန်းအောင်(ထွေ/မှူး),ရှမ်းပြည်နယ်အတွင်း,အမှတ်(၂)၊ မင်္ဂလာရပ်၊ လမ်မတော်လမ်း၊ ညောင်ရွှေမြို့နယ် ၊ ရှမ်းပြည်နယ်။,၀၈၁-၂၀၉၅၉၉၊ ၀၉-၄၂၈၃၁၀၀၁၁(ဥက္ကဌ)၊၀၉-၄၂၈၃၁၀၀၃၇ (ဦးအောင်ကြည်ဝင်း),http://uecmyanmar.org/images/stories/policals_policies/25Inn%20National%20Development%20Party.pdf
“ဝ”ဒီမိုကရက်တစ်ပါတီ,Wa Democratic Party,၉.၄.၂၀၁၀,၁၅ ဦး,ဦးခွန်ထွန်းလူ(ခ)ဦးထွန်းလူ၊ ဦးစိုင်ပေါင်းနပ်,၂၈.၄.၂၀၁၀,၂၅.၅.၂၀၁၀,၂.၆.၂၀၁၀,အမှတ်စဉ်( ၂၉ ),/images/political/27-flag.jpg,/images/political/27-logo.jpg,ဦးခွန်ထွန်းလူ(ခ) ဦးထွန်းလူ၊ ဦးစိုင်ပေါင်းနပ်(ထွေ/မှူး),ရှမ်းပြည်နယ်အတွင်း,အမှတ်(ဇ-၄/၇)၊ သိန်းနီလမ်း၊ ရပ်ကွက်(၈)၊ လားရှိုးမြို့နယ်၊ ရှမ်းပြည်နယ်။,၀၈၂-၂၃၅၁၈၊ ၀၈၂-၂၃၈၆၁,http://uecmyanmar.org/images/stories/policals_policies/27Wa%20Democratic%20Party.pdf
ဖလုံ-စဝေါ် ဒီမိုကရက်တစ်ပါတီ,Phlone-Sqaw Democratic Party,၂၃.၄.၂၀၁၀,၁၅ ဦး,ဦးစောခင်မောင်မြင့် ၊ ဦးစောကြည်လင်း,၄.၅.၂၀၁၀,၂၇.၅.၂၀၁၀,၄.၆.၂၀၁၀,အမှတ်စဉ်( ၃၀ ),/images/political/28-flag.jpg,/images/political/28-logo.jpg,ဦးစောသိန်းအောင်၊ ဦးစောတင်လှိုင်(တွင်း/မှူး-၁),ပြည်ထောင်စုတစ်ဝန်းလုံး,ငုရွှေဝါလမ်းနှင့်အင်ကြင်း(၂)လမ်းထောင့််၊ အမှတ်(၉)ရပ်ကွက်၊ ဘားအံမြို့၊ ကရင်ပြည်နယ်။,၀၉-၄၂၅၀၂၀၄၉၈(ဥက္ကဌ)၊ ၀၉-၄၂၅၀၃၂၇၁၀၊ ၀၅၈-၂၃၃၃၁(ဒု-ဥက္ကဌ)၊ ၀၅၈-၂၃၃၁၄(ရုံး)၊ ၀၅၈-၂၂၆၃၉၊ ၀၉-၄၉၇၇၀၁၁၅,http://uecmyanmar.org/images/stories/policals_policies/28Phlone-Sqaw%20Democratic%20Party.pdf
အမျိုးသားဖွံ့ဖြိုးတိုးတက်ရေးဒီမိုကရက်တစ်ပါတီ,National Democratic Party for Development (NDPD),၂၆.၄.၂၀၁၀,၂၁ ဦး,ဦးမောင်မောင်နီ၊ ဦးတော်ယူဘေဒ္ဒိန်(ယခင်)၊ ဦးလှသိန်း(ယခု),၄.၅.၂၀၁၀,၂၇.၅.၂၀၁၀,၄.၆.၂၀၁၀,အမှတ်စဉ်( ၃၁ ),/images/political/29-flag.jpg,/images/political/29-logo.jpg,ဦးမောင်မောင်နီ၊ ဦးမောင်စိန် (တွင်း/မှူး-၃),ပြည်ထောင်စုတစ်ဝန်းလုံး,အမှတ်(၂၀၂/၂၀၆)၊ (၄လွှာ-ယာ)၊ ဗိုလ်ဆွန်ပက်လမ်း၊ ပန်းဘဲတမ်းမြို့နယ်၊ ရန်ကုန်တိုင်းဒေသကြီး။,၀၉-၅၁၃၂၁၂၆(ဦးမောင်မောင်နီ)၊ ၀၉-၅၀၁၃၆၈၃ (ဦးဝင်းထွန်းစိုး)၊ ၀၉-၇၃၀၄၁၆၃၄,http://uecmyanmar.org/images/stories/policals_policies/29National%20Democratic%20Party%20for%20Development.pdf
ပြည်ထောင်စုကြံ့ခိုင်ရေးနှင့်ဖွံ့ဖြိုးရေးပါတီ,Union Solidarity and Development Party,၂၉.၄.၂၀၁၀,၂၇ ဦး,ဦးသိန်းစိန်၊ ဦးဌေးဦး,၄.၅.၂၀၁၀,၁.၆.၂၀၁၀,၈.၆.၂၀၁၀,အမှတ်စဉ်( ၃၂ ),/images/political/30-flag.png,/images/political/30-logo.png,သူရဦးရွှေမန်း ၊ ဦးမောင်မောင်သိန်း(ထွေ/မှူး),ပြည်ထောင်စုတစ်ဝန်းလုံး,အမှတ်(၅)၊ ရာဇသင်္ဂဟလမ်းနှင့်“စီ” လမ်းထောင့််၊ ဒက္ခိဏသီရိမြို့နယ်၊ နေပြည်တော်။,၀၉-၈၆၀၄၀၀၁၊ ၀၆၇-၄၁၉၂၅၃၊ ၄၁၉၁၆၆၊ ၄၁၉၁၂၂၊ ၄၁၉၁၂၄၊ ၀၆၇-၄၁၉၁၂၅၊ ၄၁၉၂၅၀၊ ၄၁၉၂၄၄၊ ၀၆၇-၄၁၉၂၇၁/၄၁၉၀၈၃ (ဖက်စ်),http://uecmyanmar.org/images/stories/policals_policies/30/30.1.pdf
တိုင်းရင်းသားလူမျိုးစုများဖွံ့ဖြိုးရေးပါတီ,Ethnic National Development Party(ENDP),၆.၅.၂၀၁၀,၁၇ ဦး,ဦးဗန်ကျင်း၊ ဦးနေလောင်း,၁၁.၅.၂၀၁၀,၈.၆.၂၀၁၀,၁၆.၆.၂၀၁၀,အမှတ်စဉ်( ၃၃ ),/images/political/31-flag.jpg,/images/political/31-logo.jpg,ဦးဟီးဝါး၊ ဦးဆန်လှေးမန်(ထွေ/မှူး),ချင်းပြည်နယ်အတွင်း,အမှတ်(၁၀၄)၊ စန်ဘောင်ရပ်ကွက်၊ မတူပီမြို့နယ်၊ ချင်းပြည်နယ်။,၀၇၀-၈၀၂၉၀,http://uecmyanmar.org/images/stories/policals_policies/31Ethnic%20National%20Development%20Party.pdf
ကမန်အမျိုးသားတိုးတက်ရေးပါတီ,Ka Man National Development Party,၂၅.၅.၂၀၁၀,၁၆ ဦး,ဦးဇော်ဝင်း၊ ဦးတင်လှိုင်ဝင်း,၃.၆.၂၀၁၀,၁၆.၆.၂၀၁၀,၅.၇.၂၀၁၀,အမှတ်စဉ်( ၃၆ ),/images/political/32-flag.jpg,/images/political/32-logo.jpg,ဦးဇော်ဝင်း၊ ဦးတင်လှိုင်ဝင်း,ရခိုင်ပြည်နယ်အတွင်း,အမှတ်(၄၆၀)(၄လွှာ)၊ မြလေးရုံလမ်း၊ မေတ္တာညွန့်ရပ်ကွက်၊ တာမွေမြို့နယ်၊ ရန်ကုန်တိုင်းဒေသကြီး။,၀၉-၇၃၀၆၇၃၁၄၊ ၀၉-၇၃၂၀၅၃၈၀၊ ၀၉-၇၃၂၀၅၃၈၀၊ ၀၉-၇၃၁၀၃၉၈၃(ဒု-ဥက္ကဌ) ၊ ၀၉-၈၆၃၅၇၄၅,http://uecmyanmar.org/images/stories/policals_policies/32Ka%20Man%20National%20Development%20Party.pdf
ခမီအမျိုးသားဖွံ့ဖြိုးတိုးတက်ရေးပါတီ,Kha Me National Development Party,၁၇.၅.၂၀၁၀,၂၂ ဦး,ဦးဘိုးထွန်း၊ ဦးလေသာကျော်,၂၅.၅.၂၀၁၀,၂၁.၆.၂၀၁၀,၉.၇.၂၀၁၀,အမှတ်စဉ်( ၃၇ ),/images/political/33-flag.jpg,/images/political/33-logo.jpg,ဦးစိန်လှကျော်၊ ဦးလေသာကျော်(ထွေ/မှူး),ရခိုင်ပြည်နယ်အတွင်း,အိမ်အမှတ်(၁၁၄)အကွက်(၁)၊ဆင်ကူးလမ်း ရပ်ကွက်၊ စစ်တွေမြို့နယ်၊ ရခိုင်ပြည်နယ်။,၀၉-၄၂၁၀၅၃၁၆၆၊ ၀၄၃-၂၃၃၄၄၊ ၀၄၃-၂၃၀၈၈၊ ၀၉-၄၂၅၃၀၁၈၀၄(ဦးသာဘန်းအောင်),http://uecmyanmar.org/images/stories/policals_policies/33Kha%20Me%20National%20Development%20Party.pdf
အမျိုးသားဒီမိုကရေစီအင်အားစုပါတီ,National Democratic Force(NDF),၂၇.၅.၂၀၁၀,၁၉ ဦး,ဒေါက်တာသန်းငြိမ်း၊ ဦးတိုးပို,၁၄.၆.၂၀၁၀,၂၄.၆.၂၀၁၀,၉.၇.၂၀၁၀,အမှတ်စဉ်( ၃၈ ),/images/political/34-flag.png,/images/political/34-logo.jpg,ဦးခင်မောင်ဆွေ ၊ ဦးကြည်သန်း (တွင်း/မှူး-၁),ပြည်ထောင်စုတစ်ဝန်းလုံး,အမှတ်(၄၇)၊ ပထမထပ်၊ အနောက်မြင်းပြိုင် ကွင်းလမ်း၊ ဗဟန်းမြို့နယ်၊ ရန်ကုန်တိုင်းဒေသကြီး။,၀၉-၅၀၅၉၆၄၀(ဥက္ကဌ)၊ ၀၉-၅၁၃၇၃၇၃ (တွင်းမှူး/၁)၊၀၉-၂၂၂၈၃၄၇(တွင်းမှူး/၂),http://uecmyanmar.org/images/stories/policals_policies/34National%20Democratic%20Force%20NDF.pdf
စည်းလုံးညီညွတ်ရေးနှနှင့်ဒီမိုကရေစီပါတီ ကချင်ပြည်နယ်(စဒက),Unity and Democracy Party of Kachin State (UDPKS),၂.၇.၂၀၁၀,၁၅ ဦး,ဦးခက်ထိန်နန်၊ ဦးဖော်လားကမ်ဖန်,၁၆.၇.၂၀၁၀,၂၃.၇.၂၀၁၀,၂.၈.၂၀၁၀,အမှတ်စဉ်( ၄၀ ),/images/political/35-flag.jpg,/images/political/35-logo.jpg,ဦးခက်ထိန်နန်၊ ဒေါ်ဒွဲဘူ,ကချင်ပြည်နယ်အတွင်း,အမှတ်(၂၃၈/ခ)၊ ပြည်ထောင််စုလမ်းမကြီး (ရွှေပြည်စံခန်းမဘေး)၊ ယုဇနရပ်ကွက်၊ မြစ်ကြီးနားမြို့၊ ကချင်ပြည်နယ်။,၀၉-၈၆၁၂၃၅၆၊ ၀၉-၉၀၄၁၄၈၆,http://uecmyanmar.org/images/stories/policals_policies/35/35.1.pdf
ကရင်ပြည်နယ်ဒီမိုကရေစီနှနှင့်ဖွံ့ဖြိုးတိုးတက်ရေးပါတီ,Kayin State Democracy and Development  Party(KSDDP),၁၁.၈.၂၀၁၀,၂၇ ဦး,ဦးစောသာထူးကျော်၊ ဦးစောအောင်ငွေ,၁၂.၈.၂၀၁၀,၁၂.၈.၂၀၁၀,၁၉.၈.၂၀၁၀,အမှတ်စဉ်( ၄၁ ),/images/political/36-flag.jpg,/images/political/36-logo.jpg,ဦးစောသာထူးကျော်၊ ဦးစောသန်းမြ,ကရင်ပြည်နယ်အတွင်း,အမှတ်(၇)ရပ်ကွက်၊ ဦးအောင်မြတ်လမ်း၊ ဘားအံမြို့၊ ကရင်ပြည်နယ်။,၀၉-၈၇၃၀၄၃၈(ဦးစောသန်းမြ),http://uecmyanmar.org/images/stories/policals_policies/36Kayin%20State%20Democracy%20and%20Development%20Party%20KSDDP.pdf
အမျိုးသားဖွံ့ဖြိုးတိုးတက်ရေးနှင့်ငြိမ်းချမ်းရေးပါတီ,National Development and Peace Party (NDPP),၁၆.၇.၂၀၁၀,၁၈ ဦး,ဦးအလီဟူဆိန်၊ ဦးမာမောက်ဆော်လိမ်,၂၉.၇.၂၀၁၀,၁၆.၈.၂၀၁၀,၂၄.၈.၂၀၁၀,အမှတ်စဉ်( ၄၂ ),/images/political/37-flag.jpg,/images/political/37-logo.jpg,ဦးမာမောက်ဆော်လိမ်၊ ဦးအောင်ဝင်း(ထွေ/မှူး),ပြည်ထောင်စုတစ်ဝန်းလုံး,အမှတ်(၁၇/၁၉)၊ ပထမထပ်(ဝဲ)ခန်း၊ (၁၀၀)လမ်း၊ လွတ်လပ်ရေးရပ်ကွက်၊ မင်္ဂလာတောင်ညွန့်မြို့နယ်၊ ရန်ကုန်တိုင်းဒေသကြီး။,၀၉-၅၁၄၁၂၃၇၊ ၀၉-၅၁၇၄၄၆၁၊ ၀၉-၇၃၁၂၇၉၁၄၊ ၀၉-၇၃၁၁၇၀၀၁,http://uecmyanmar.org/images/stories/policals_policies/37National%20Development%20and%20Peace%20Party.pdf
ပြည်သူ့ဒီမိုကရေစီပါတီ,People Democracy Party,၁၃.၆.၂၀၁၁,၁၆ ဦး,ဒေါက်တာသန်းထိုက်ဦး၊ ဦးအောင်မြင့်,၂၀.၇.၂၀၁၁,၃.၈.၂၀၁၁,၂၃.၉.၂၀၁၁,အမှတ်စဉ်( ၄၃ ),/images/political/38-flag.jpg,/images/political/38-logo.jpg,ဒေါက်တာသန်းထိုက်ဦး ၊ ဦးအောင်မြင့်(ထွေ/မှူး),ပြည်ထောင်စုတစ်ဝန်းလုံး,အမှတ်(၃၉/ခ)၊ ရေသန့်ရပ်၊ တံခွန်တိုင်ရပ်ကွက်၊ ပြည်ကြီးတံခွန်မြို့နယ်၊ မန္တလေးတိုင်းဒေသကြီး။,၀၉-၄၃၁၇၆၀၈၀၊ ၀၂-၅၁၅၄၉၀၂၊ ၀၉-၄၃၀၁၁၄၅၆(ဦးသန်းထိုက်ဦး)၊ ၀၉-၄၃၀၆၀၉၁၀(ဦးအောင်မြနှင့်),http://uecmyanmar.org/images/stories/policals_policies/38People%20Democracy%20Party.pdf
အမျိုးသားဒီမိုကရေစီပါတီသစ် ပါတီ,New National Democracy Party,၄.၇.၂၀၁၁,၂၀ ဦး,ဦးသိန်းညွန့်၊ ဦးကြည်မြနှင့် (ယခင်)၊ ဦးကျော် (ယခု),၂၃.၈.၂၀၁၁,၈.၉.၂၀၁၁,၄.၁၀.၂၀၁၁,အမှတ်စဉ်( ၄၄ ),/images/political/39-flag.jpg,/images/political/39-logo.jpg,ဦးသိန်းညွန့်၊ ဦးကျော်(တွင်း/မှူး),ပြည်ထောင်စုတစ်ဝန်းလုံး,အမှတ်(၇၂)၊လေးဒေါနှင့်ကန်လမ်း၊ (ဇ/မြောက်ရပ်ကွက်)သင်္ကန်းကျွန်းမြို့နယ်၊ ရန်ကုန်တိုင်းဒေသကြီး။,၀၉-၇၃၀၉၅၆၂၈ (ဦးသိန်းညွန့်)၊ ၀၉-၇၃၀၀၅၂၆၇ (ဦးဝင်းရွှေ)၊ ၀၉-၇၃၀၂၀၈၁၃,http://uecmyanmar.org/images/stories/policals_policies/39New%20National%20Democracy%20Party.pdf
ဗမာပြည်သူ့ပါတီ,Bamar People`s Party,၁၂.၇.၂၀၁၁,၁၆ ဦး,ဦးအုန်းလွင်(နုတ်ထွက်)၊ ဦးထွန်းရွှေ (ကွယ်လွန်),၂.၉.၂၀၁၁,၅.၉.၂၀၁၁,၁၄.၁၀.၂၀၁၁,အမှတ်စဉ်( ၄၆ ),/images/political/40-flag.jpg,/images/political/bamar-logo.jpg,ဦးအောင်သန်းတင့်၊ ဦးသက်ဦး(ထွေ/မှူး),ပြည်ထောင်စုတစ်ဝန်းလုံး,အမှတ်(၁၀)၊ဂေါသကလမ်း၊ သာယာကုန်း ရပ်ကွက်၊ မင်္ဂလာတောင်ညွန့်မြို့နယ်၊ ရန်ကုန်တိုင်းဒေသကြီး။,ဦးထွန်းရွှေ(၀၁-၂၉၆၆၉၃၊ ၀၁-၅၅၃၆၄၄),http://uecmyanmar.org/images/stories/policals_policies/40Party%20for%20Unity%20and%20Peace.pdf
အမျိုးသားဒီမိုကရေစီအဖွဲ့ချုပ်ပါတီ,National League for Democracy,၂၅.၁၁.၂၀၁၁,၂၁ ဦး,ဦးတင်ဦး၊ ဒေါ်အောင်ဆန်းစုကြည်,၁၂.၁၂.၂၀၁၁,၂၃.၁၂.၂၀၁၁,၅.၁.၂၀၁၂,အမှတ်စဉ်( ၄၇ ),/images/political/41-flag.png,/images/political/41-logo.jpg,ဒေါ်အောင်ဆန်းစုကြည်၊ ဦးဉာဏ်ဝင်း,ပြည်ထောင်စုတစ်ဝန်းလုံး,အမှတ်(၉၇/ခ)၊အနောက်ရွှေဂုံတိုင်လမ်း၊ ဗဟန်း မြို့နယ် ၊ ရန်ကုန်တိုင်းဒေသကြီး။,၀၉-၅၁၅၉၄၅၇ (PSO)၊ ၀၉-၅၁၇၉၂၄၇(ဦးဉာဏ်ဝင်း)၊ ၀၁-၅၅၅၁၅၆ (ရုံးဖုန်း/ဖက်စ်),http://uecmyanmar.org/images/stories/policals_policies/41National%20League%20for%20Democracy.pdf
မြန်မာ့လူ့ဘောင်သစ်ဒီမိုကရက်တစ်ပါတီ,Democracy Party For Myanmar New Society,၂.၁၁.၂၀၁၁,၁၈ ဦး,ဦးဇင်အောင်၊ ဦးသိန်းထွန်း,၆.၁၂.၂၀၁၁,၂၃.၁၂.၂၀၁၁,၁၆.၁.၂၀၁၂,အမှတ်စဉ်( ၄၉ ),/images/political/42-flag.jpg,/images/political/42-logo.jpg,ဦးဇင်အောင်၊ ဦးသိန်းထွန်း(ထွေ/မှူး),ပြည်ထောင်စုတစ်ဝန်းလုံး,အမှတ်(၆)၊ ထန်းပင်ကုန်းလမ်းမကြီး၊ ထန်းပင်ကုန်းရပ်ကွက်၊ သန်လျင်မြို့နယ်၊ ရန်ကုန်တိုင်းဒေသကြီး။,၀၉-၄၂၅၀၁၉၄၅၀ (ဥက္ကဌ)၊ ၀၅၆-၂၁၉၈၀,http://uecmyanmar.org/images/stories/policals_policies/42Democratic%20Party%20For%20Myanmar%20New%20Society.pdf
မြန်မာ့အမျိုးသားကွန်ဂရက်ပါတီ,Myanmar National Congress,၂၁.၁၁.၂၀၁၁,၁၈ ဦး,ဦးကောင်းမြင့်ထွဋ်၊ ဦးတင်အေး,၂၀.၁၂.၂၀၁၁,၃. ၁.၂၀၁၂,၂၃. ၁.၂၀၁၂,အမှတ်စဉ်( ၅၀ ),/images/political/43-flag.jpg,/images/political/43-logo.jpg,ဦးကောင်းမြတ်ထွဋ်၊ ဦးတင်အောင်(ထွေ/မှူး),ပြည်ထောင်စုတစ်ဝန်းလုံး,အမှတ်(၈၄-က)၊ ဒေါ်သိန်းတင်လမ်း၊ ကန်တော် လေးမြောက်ရပ်ကွက်၊ မင်္ဂလာတောင်ညွန့်မြို့နယ် ၊ ရန်ကုန်တိုင်းဒေသကြီး။,၀၉-၄၉၂၈၀၀၉၇ (ဦးကောင်မြနှင့်ထွဋ်)၊ ၀၁-၃၉၄၈၂၈၊ ၀၁-၃၉၁၁၅၈(ရုံး),http://uecmyanmar.org/images/stories/policals_policies/43Myanmar%20National%20Congress.pdf
ကရင်ဒီမိုကရက်တစ်ပါတီ,Kayin Democratic Party,၂၈.၁၁.၂၀၁၁,၁၅ ဦး,ဦးစောသန်းကျော်ဦး၊ စောရဲဝင်းနိုင်,၂၃.၁၂.၂၀၁၁,၅. ၁.၂၀၁၂,၁. ၂.၂၀၁၂,အမှတ်စဉ်( ၅၁ ),/images/political/44-flag.jpg,/images/political/44-logo.jpg,စောရှားထွန့်ဖေါင်(ကွယ်လွန်) ၊ စတင်းတင်း(တွင်း/မှူး),ကရင်ပြည်နယ်အတွင်း,အမှတ်(၂၅၄)၊ ဗိုလ်ချုပ်လမ်းမကြီး၊ အမှတ် (၉)ရပ်ကွက်(ရေကျော်)၊ ဘားအံမြို့နယ် ၊ ကရင်ပြည်နယ်။,၀၉-၄၉၇၇၇၂၃၁၈ (စောသန်းကျော်ဦး),http://uecmyanmar.org/images/stories/policals_policies/44Kayin%20Democratic%20Party.pdf
မြိုတိုင်းရင်းသားပါတီ,Mro Nationality Party,၁၃.၁၂.၂၀၁၁,၁၉ ဦး,ဦးအေးထွန်း၊ ဦးအနု,၂၄.၁.၂၀၁၂,၁၀.၂.၂၀၁၂,၂၈. ၂.၂၀၁၂,အမှတ်စဉ်( ၅၂ ),/images/political/45-flag.jpg,/images/political/45-logo.jpg,ဦးအေးထွန်း၊ ဦးမင်းအောင်,ရခိုင်ပြည်နယ်အတွင်း,အမှတ်(၄)ရပ်ကွက်၊ သပြေကုန်း၊ ဘူးသီးတောင် မြို့ ၊ ရခိုင်ပြည်နယ်။,၀၉-၄၂၅၃၀၁၈၀၄ (ဦးသာဘန်းအောင်မှ တစ်ဆင့် ဆက်သွယ်ရန်),http://uecmyanmar.org/images/stories/policals_policies/45Mro%20Nationality%20Party.pdf
တိုင်းလိုင် ( ရှမ်းနီ ) အမျိုးသားများဖွံ့ဖြိုးတိုးတက်ရေးပါတီ,Tai-Leng Nationalities Development Party (T.N.D.P),၂၀.၁.၂၀၁၂,၁၈ ဦး,ဦးဌေးအောင်၊ ဦးစောဝင်းထွန်း,၁၆.၂.၂၀၁၂,၈.၃.၂၀၁၂,၁၀.၅.၂၀၁၂,အမှတ်စဉ်( ၅၃ ),/images/political/46-flag.jpg,/images/political/46-logo.jpg,ဦးစိုင်းဌေးအောင် ၊ ဦးစိုင်းအုန်းအုန်း(ထွေ/မှူး),ပြည်ထောင်စုတစ်ဝန်းလုံး,တ-၂/၈၅ မြို့သစ် (၁) ရပ်ကွက်၊ ချမ်းမြ သာစည်မြို့နယ်၊ မန္တလေးတိုင်းဒေသကြီး ။,၀၉-၄၇၀၁၅၅၄၃ (ဦးစိုင်းဌေးအောင်)၊ ၀၉-၂၀၁၆၉၁၆ (ဦးစောဝင်းထွန်း),http://uecmyanmar.org/images/stories/policals_policies/46Tai-Leng%20Nationalities%20Development%20Party%20T.N.D.P.pdf
အရှိုချင်းအမျိုးသားပါတီ,Asho Chin National Party,၁၅.၂.၂၀၁၂,၁၇ ဦး,ဆလိုင်းအောင်မင်းလှိုင်၊ ဆလိုင်းဟန်ကြည်,၇.၅.၂၀၁၂,၁၆.၅.၂၀၁၂,၅.၆.၂၀၁၂,အမှတ်စဉ်( ၅၅ ),/images/political/48-flag.jpg,/images/political/48-logo.jpg,ဦးဆလိုင်းဟန်ကြည် ၊ ဦးဆလိုင်းအောင်မင်းလှိုင်(ထွေ/မှူး),ပြည်ထောင်စုတစ်ဝန်းလုံး,အခန်း(၅၂)၊ (၇)လွှာ၊ တိုက်အမှတ်(၁၂၀)၊ ရန်ကုန်-အင်းစိန်လမ်း၊ (၉)ရပ်ကွက်၊ လှိုင်မြို့နယ်၊ ရန်ကုန်တိုင်းဒေသကြီး ။,၀၉-၅၀၄၃၇၀၉၊ ၀၁-၆၄၆၉၅၄ (ဦးဆလိုင်းအောင်မင်းလှိုင်),http://uecmyanmar.org/images/stories/policals_policies/48%20Asho%20Chin%20National%20Part.pdf
ရှမ်းတိုင်းရင်းသားများဒီမိုကရေစီအဖွဲ့ချုပ်ပါတီ,Shan Nationalities League for Democracy,၁၆.၃.၂၀၁၂,၁၅ ဦး,ဦးခွန်ထွန်ဦး၊ ဦးစိုင်းညွန့်လွင်,၈.၅.၂၀၁၂,၂၃.၅.၂၀၁၂,၁၂.၆.၂၀၁၂,အမှတ်စဉ်( ၅၆ ),/images/political/49-flag.jpg,/images/political/49-logo.jpg,ဦးခွန်ထွန်းဦး၊ ဦးစိုင်းညွန့်လွင်(ထွေ/မှူး),ပြည်ထောင်စုတစ်ဝန်းလုံး,အမှတ်(၂၆)၊ ပြည်လမ်း၊ (၉)မိုင်၊ (၅)ရပ်ကွက် မရမ်းကုန်းမြို့နယ်၊ ရန်ကုန်တိုင်းဒေသကြီး ။,၀၉-၇၃၂၂၅၅၆၄ (ဦးခွန်ထွန်းဦး)၊ ၀၉-၇၃၂၄၁၅၈၇ ဦးစိုင်းညွန့်လွင်,http://uecmyanmar.org/images/stories/policals_policies/49Shan%20Nationalities%20League%20for%20Democracy.pdf
ဓနုတိုင်းရင်းသားလူမျိုးများဒီမိုကရေစီပါတီ,Danu National Democracy Party,၃.၅.၂၀၁၂,၂၇ ဦး,ဦးမြသန်း၊ ဦးအောင်သိန်း,၁.၆.၂၀၁၂,၁၄.၆.၂၀၁၂,၃.၇.၂၀၁၂,အမှတ်စဉ်( ၅၇ ),/images/political/50-flag.jpg,/images/political/50-logo.jpg,ဦးမြသန်း၊ ဦးကျော်ဇော(တွင်း/မှူး-၁),ရှမ်းပြည်နယ်အတွင်း,လူဝင်မှု ကြီးကြပ်ရေးနှင အမျိုးသား မှတ်ပုံတင်ရေး ဦးစီးဌာနရုံး အနီး၊ ဗထူးလမ်း၊ စျေးတန်းရပ် ၊ ရွာငံမြို့နယ် ၊ ရှမ်းပြည်နယ်။,၀၉-၄၉၃၅၉၀၀၈(ဦးမြသန်း)၊ ၀၉-၄၉၃၅၉၆၅၅ ဦးကိုကို၊ ၀၉-၄၉၅၉၇၃၉၈(ဦးရဲလွင်ဦး)၊ ၀၉-၄၉၂၅၀၂၆၄,http://uecmyanmar.org/images/stories/policals_policies/50Danu%20National%20Democracy%20Party.pdf
မွန်အမျိုးသားပါတီ,Mon National Party,၂၆.၄.၂၀၁၂,၁၅ ဦး,ဦးသက်လွင်၊ ဦးနိုင်စိုးမြနှင့်(ခ)နိုင်တိုက်ပွန်,၃၀.၅.၂၀၁၂,၇.၆.၂၀၁၂,၁၀.၇.၂၀၁၂,အမှတ်စဉ်( ၅၈ ),/images/political/51-flag.jpg,/images/political/51-logo.jpg,ဦးနိုင်ငွေသိန်း၊ ဒေါက်တာ မင်းစိုးလင်း(ထွေ/မှူး),ပြည်ထောင်စုတစ်ဝန်းလုံး,အမှတ်(၁၈၁)၊ ရာဇာဓိရာဇ်လမ်း၊ မြိုင်သာယာရပ်ကွက်၊ မော်လမြိုင်မြို့နယ်၊  မွန်ပြည်နယ်။,၀၉-၄၉၈၀၇၇၇၇(ဦးနိုင်စိုးမြနှင့်)၊ ၀၅၇-၃၀၂၁၃ ၀၉-၄၉၈၀၁၅၈၁(ဦးနိုင်စံလှိုင်)၊ ၀၉၇၃၀၁၉၈၃၆  (ဦးနိုင်ငွေသိန်း)၊ ၀၉-၄၄၉၀၀၄၄၇၀။,http://uecmyanmar.org/images/stories/policals_policies/51Mon%20Democracy%20Party.pdf
ဇိုမီးဒီမိုကရေစီအဖွဲ့ချုပ်ပါတီ,Zomi Congress for Democracy,၈.၃.၂၀၁၂,၁၇ ဦး,ဦးဂင့်ကမ်းလျန်၊ ဦးဇမ်ဇမုန်,၅.၇.၂၀၁၂,၂၆.၇.၂၀၁၂,၁၇.၈.၂၀၁၂,အမှတ်စဉ်( ၅၉ ),/images/political/52-flag.jpg,/images/political/52-logo.jpg,ဦးပူကျင့်ရှင်းထန် ၊ ပူဇမ်ဇမုန်(တွင်း/မှူး),ပြည်ထောင်စုတစ်ဝန်းလုံး,အမှတ်(၁၄၃)၊ ၅လွှာ၊ (၃၇) လမ်း၊ ကျောက်တံတားမြို့နယ်၊ ရန်ကုန်တိုင်းဒေသကြီး။,၀၉-၄၃၀၆၅၆၂၄ (ဦးဂနှင့်ကမ်းလျန်)၊ ၀၁-၃၉၇၃၈၉      ,http://uecmyanmar.org/images/stories/policals_policies/52%20Zomi%20Congress%20for%20Democracy.pdf
ရှမ်းပြည်ကိုးကန့်ဒီမိုကရက်တစ်ပါတီ,Shan State Kokang Democratic Party,၄.၆.၂၀၁၂,၁၇ ဦး,ဦးအန်တိုနီစူ၊ ဦးဆူဝမ်းကွီး,၁၈.၇.၂၀၁၂,၁၄.၈.၂၀၁၂,၃၁.၈.၂၀၁၂,အမှတ်စဉ်( ၆၀ ),/images/political/53-flag.jpg,/images/political/53-logo.jpg,ဦးအန်တိုနီစူ၊ ဦးလှသိန်း,ရှမ်းပြည်နယ်အတွင်း,ကြည်ရှန်လမ်း၊ ရပ်ကွက်(၁)၊ တုံချန်၊ လောက်ကိုင်မြို့၊ ရှမ်းပြည်နယ်။,၀၉-၄၀၂၆၁၂၈၆၈ (ဦးမိုးထွန်း)၊ ၀၉-၄၃၁၈၉၄၈၆  ,http://uecmyanmar.org/images/stories/policals_policies/53Shan%20State%20Kokang%20Democratic%20Party.pdf
မြန်မာနိုင်ငံတောင်သူလယ်သမားဖွံ့ဖြိုးတိုးတက်ရေးပါတီ,Myanmar Farmer’s Development Party,၂၂.၈.၂၀၁၂,၁၈ ဦး,ဦးကျော်စွာစိုး(ခ)ဦးကျော်စွာအောင်၊ ဦးချစ်ဦး,၂၄.၉.၂၀၁၂,၁၁.၁၀.၂၀၁၂,၆.၁၁.၂၀၁၂,အမှတ်စဉ်( ၆၁ ),/images/political/54-flag.jpg,/images/political/54-logo.jpg,ဦးကျော်စွာစိုး(ခ) ဦးကျော်စွာအောင်၊ ဒေါ်ခင်သန်းဦး,ပြည်ထောင်စုတစ်ဝန်းလုံး,ခြံ-၂၂၊ ၁၆၆ လမ်း၊ တာမွေကြီးရပ်ကွက်၊ တာမွေမြို့နယ်၊ ရန်ကုန်တိုင်းဒေသကြီး။,၀၉-၅၁၇၇၇၁၄ (ဦးကျော်စွာစိုး)၊ ၀၁-၅၄၃၀၆၃,http://uecmyanmar.org/images/stories/policals_policies/54%20Myanmar%20Farmers'%20Development%20Party.pdf
အမျိုးသားညီညွတ်ရေးကွန်ဂရက်ပါတီ,National Unity Congress Party,၁၃.၂.၂၀၁၂,၁၇ ဦး,ဦးမြင့်ဝေ၊ ဦးမောင်စိုး,၁၅.၁၀.၂၀၁၂,၁၂.၁၁.၂၀၁၂,၂၈.၂.၂၀၁၃,အမှတ်စဉ်( ၆၂ ),/images/political/55-flag.jpg,/images/political/55-logo.jpg,ဦးမြင့်ဝေ၊ ဦးမောင်စိုး,ပြည်ထောင်စုတစ်ဝန်းလုံး,အမှတ်(၂၈-A)၊ ပထမထပ်၊ မအူကုန်းလမ်းကျယ်၊ တာမွေမြို့နယ်၊ ရန်ကုန်တိုင်းဒေသကြီး။,၀၁-၅၂၅၅၃၇ (ဦးမြင့်ဝေ)၊ ၀၉-၆၈၁၂၁၈၀၊ ၀၁-၃၈၈၁၀ (ဦးမောင်စိုး),http://uecmyanmar.org/images/stories/policals_policies/55National%20Unity%20Congress%20Party.pdf
ဒီမိုကရေစီနှင့်လူ့အခွင့်အရေးပါတီ,Democracy and Human Rights Party,၂၆.၄.၂၀၁၂,၂၂ ဦး,ဦးကျော်မင်း(ခ)မာမောက်ရှောင်ရှူအာနောရူလာဟောက်၊ ဦးခင်ဇော်,၁၉.၁၀.၂၀၁၂,၅.၁၁.၂၀၁၂,၁၂.  ၃.၂၀၁၃,အမှတ်စဉ်( ၆၃ ),/images/political/56-flag.jpg,/images/political/56-logo.jpg,ဦးကျော်မင်း(ခ)မာမောက်ရှောင်ရှူအာနောရူလာဟောက်၊ ဦးကျော်စိုးအောင်(တွင်း/မှူး),ပြည်ထောင်စုတစ်ဝန်းလုံး,အမှတ်(၁၁၆/၁၁၈) ၊ ၆ လွှာ(B)၊ ဘိုကလေးစျေးလမ်း၊ (၈) ရပ်ကွက်၊ ဗိုလ်တထောင်မြို့နယ်၊ ရန်ကုန်တိုင်းဒေသကြီး။,၀၉-၅၀၀၇၃၄၈၊ ၀၁-၆၆၇၈၈၀ (ဦးခင်ဇော်)၊ ၀၉-၇၃၂၄၇၈၈၇(ဦးကျော်မင်း),http://uecmyanmar.org/images/stories/policals_policies/56Democracy%20and%20Human%20Rights%20Party.pdf
လူမျိုးပေါင်းစုံဒီမိုကရေစီပါတီ(ကယားပြည်နယ်),All Nationals' Democracy (AND)Party Kayah State,၆.၅.၂၀၁၃,၁၇ ဦး,ဦးဖိုးရယ် ၊ ဦးဆော်လမွန်,၁၂.၆.၂၀၁၃,၂၇.၆.၂၀၁၃,၁.၈.၂၀၁၃,အမှတ်စဉ်( ၆၄ ),/images/political/57flag.png,/images/political/57logo.jpg,ဦးဖိုးရယ် ၊ ဦးရှေးဖဲ,ကယားပြည်နယ်အတွင်း,န/၁၀၁၊သီရိဒေါလမ်း၊ နောင်ယား(က)ရပ်ကွက်၊ လွိုင်ကော်မြို့နယ်၊ ကယားပြည်နယ်။   ,၀၈၃-၄၀၂၅၁(ဦးဖိုးရယ်)၊ ၀၉-၄၂၈၀၀၆၆၀၃(ဦးဆော်လမွန်),http://uecmyanmar.org/images/stories/policals_policies/57/57.1.pdf
ကယားလူမျိုးစုဒီမိုကရေစီပါတီ,Kayah Unity Democracy Party (KUDP),၁၀.၄.၂၀၁၃,၁၆ ဦး,ဦးစောဒယ်နီယယ် ၊ ဦးနိုင်နိုင်ထွေး,၁၁.၆.၂၀၁၃,၂၈.၆.၂၀၁၃,၉.၈.၂၀၁၃,အမှတ်စဉ်( ၆၅ ),/images/political/58flag.jpg,/images/political/58logo.jpg,ဦးစောဒယ်နီယယ် ၊ ဦးစိုင်းနိုင်နိုင်ထွေး,ကယားပြည်နယ်အတွင်း,အမှတ်(၄၇)၊ ဟော်ကြီးလမ်း၊ မင်္ဂလာရပ်ကွက်၊ လွိုင်ကော်မြို့နယ်၊ ကယားပြည်နယ်။,၀၉-၄၉၃၅၄၃၅၁(ဦးစောဒယ်နီယယ်) ၊ ၀၉-၄၉၄၀၃၀၅၄ (ဦးထွန်းကြိုင်),http://uecmyanmar.org/images/stories/policals_policies/58Kayah%20Unity%20Democracy%20Party%20KUDP.pdf
အမျိုးသားတိုးတက်မြင့်မားရေးပါတီ,National Prosperity Party,၃၀.၄.၂၀၁၃,၁၉ဦး,ဦးအောင်နိုင်ထွန်း ၊ ဦးဇေယျာဝင်းမြင့်,၁၇.၉.၂၀၁၃,၁၇.၁၀.၂၀၁၃,၄.၁၂.၂၀၁၃,အမှတ်စဉ်( ၆၆ ),/images/political/59flg.jpg,/images/political/59logo.jpg, ,ပြည်ထောင်စုတစ်ဝန်းလုံး,အမှတ်(၁၇)၊ တတိယထပ်၊ မလွှကုန်းလမ်း၊ ကျောက်မြောင်းရပ်ကွက်၊တာမွေမြို့နယ်  ,၀၉-၄၉၃၆၄၂၃၂ ၊ ၀၉-၄၂၈၀၃၄၃၆၃,http://uecmyanmar.org/images/stories/policals_policies/59National%20Prosperity%20Party.pdf
ကချင်ပြည်နယ်ဒီမိုကရေစီပါတီ,Kachin State Democracy Party,၂၈.၈.၂၀၁၃,၁၇ဦး,ဦးမနာမ်တူးဂျာ ၊ ဦးဇော်မိုးနော်,၃၀.၁၀.၂၀၁၃,၁၁.၁၁.၂၀၁၃,၁၀.၁၂.၂၀၁၃,အမှတ်စဉ်( ၆၇ ),/images/political/60flg.jpg,/images/political/60logo.jpg, ,ကချင်ပြည်နယ်အတွင်း,အမှတ်(၃၈၆)၊ ယုဇနရပ်ကွက်၊မြစ်ကြီးနားမြို့နယ်၊ကချင်ပြည်နယ်,၀၉-၂၄၀၀၃၈၆၊ ၀၉-၄၀၀၀၂၁၅၃၀,http://uecmyanmar.org/images/stories/policals_policies/60%20Kachin%20State%20Democracy%20Party.pdf
ကချင်အမျိုးသားများဒီမိုကရေစီကွန်ဂရက်ပါတီ,The Kachin National Congress for Democracy,၈.၈.၂၀၁၃,၁၉ဦး,ဦးစီစီနော်ဂျာ၊ ဦးအောင်လ,၂၂.၁၀.၂၀၁၃,၁၁.၁၁.၂၀၁၃,၁၁.၁၂.၂၀၁၃,အမှတ်စဉ်( ၆၈ ),/images/political/kncd-flag.jpg,/images/political/kncd-logo.jpg, ,ကချင်ပြည်နယ်အတွင်း,အမှတ်(၃၂၇)၊ ဒူကထောင်ရပ်ကွက်၊မြစ်ကြီးနားမြို့နယ်၊ကချင်ပြည်နယ်,၀၉-၄၀၀၀၂၆၂၀၈,http://uecmyanmar.org/images/stories/policals_policies/61%20The%20Kachin%20National%20Congress%20for%20Democracy.pdf
လီဆူအမျိုးသားဖွံ့ဖြိုးတိုးတက်ရေးပါတီ(ဒူးလေးပါတီ),Lisu National Development Party(L.N.P.P),၁၄.၈.၂၀၁၃,၁၇ဦး,ဦးအားခီဒါဝူ,၂၉.၁၀.၂၀၁၃,၁၄.၁၁.၂၀၁၃,၁၇.၁၂.၂၀၁၃,အမှတ်စဉ်( ၆၉ ),/images/political/62flg.jpg,/images/political/62logo.jpg, ,ပြည်ထောင်စုတစ်ဝန်းလုံး,အမှတ် (၂၈၅) ၊ နိဗ္ဗာန်လမ်း ၊ အိုးလုပ်ရပ် ၊ ထားဝယ်မြို့ ၊ တနင်္သာရီတိုင်းဒေသကြီး။,၀၉-၄၇၀၁၀၀၆၁၊ ၀၇၄-၂၈၁၉၂,http://uecmyanmar.org/images/stories/policals_policies/62%20Lisu%20National%20Development%20Party.pdf
ထားဝယ်တိုင်းရင်းသားများပါတီ,Dawei Nationalities Party,၁၆.၇.၂၀၁၃,၁၉ဦး,ဦးမောင်မောင်အေး၊ ဦးသန်းဆွေ,၂၃.၁၀.၂၀၁၃,၂၀.၁၁.၂၀၁၃,၁၇.၁၂.၂၀၁၃,အမှတ်စဉ်( ၇၀ ),/images/political/633flg.jpg,/images/political/63logo.jpg, ,ပြည်ထောင်စုတစ်ဝန်းလုံး,အမှတ်(၈၇)၊ အလယ်လမ်း၊ခုံဝင်းဒပ်ရပ်၊ထားဝယ်မြို့နယ်၊တနင်္သာရီတိုင်းဒေသကြီး,၀၉-၈၅၉၅၃၅၇၊ ၀၉-၇၃၁၃၂၃၁၇၊ ၀၉-၄၃၁၂၁၀၅၈,http://uecmyanmar.org/images/stories/policals_policies/63%20Dawei%20Nationalities%20Party.pdf
ဖက်ဒရယ်ပြည်ထောင်စုပါတိ,Federal Union Party,၈.၈.၂၀၁၃,၁၇ဦး,ဦးကမ်ကျင်ဒါးလ် ၊ ဦးစောသန်းမြင့်,၂၈.၁၀.၂၀၁၃,၁၉.၁၁.၂၀၁၃,၂၄.၁၂.၂၀၁၃,အမှတ်စဉ်( ၇၁ ),/images/political/64flg.jpg,/images/political/64logo.jpg, ,ပြည်ထောင်စုတစ်ဝန်းလုံး,အမှတ်(၁၅)၊ ၆ လွှာ၊ ဝဲဘက်အခန်း၊ လှိုင်မြစ်လမ်း(ကမာရွတ် ဘူတာရုံလမ်း)၊ကမာရွတ်မြို့နယ်၊ ရန်ကုန်တိုင်းဒေသကြီး,၀၉-၄၉၃၄၇၅၁၈၊ ၀၉-၂၀၄၂၉၉၆၊ ၀၉-၄၂၅၃၀၁၅၀၀,http://uecmyanmar.org/images/stories/policals_policies/64%20Federal%20Union%20Party.pdf
ကချင်ဒီမိုကရက်တစ်ပါတီ,Kachin Democratic Party,၄.၉.၂၀၁၃,၁၇ ဦး,ဦးကွမ်ဂေါင်အောင်ခမ်း၊ ဦးဇော်ဘန်း,၂၉.၁၁.၂၀၁၃,၁၀.၁၂.၂၀၁၃,၁၃.၁.၂၀၁၄,အမှတ်စဉ်( ၇၂ ),/images/political/65flag.gif,/images/political/65logo.gif, ,ကချင်ပြည်နယ်အတွင်း,အမှတ် (၁၂)၊ ၅ လွှာ (အေ)၊ မြဝတီလမ်း၊ မြေနီကုန်း(မြောက်)ရပ်ကွက်၊ စမ်းချောင်းမြို့နယ်,၀၉-၄၂၀၀၅၈၈၆၃( ဥက္ကဌ ),http://uecmyanmar.org/images/stories/policals_policies/65kachin%20Demoratic%20Party.pdf
ပြည်ထောင်စုပအိုဝ်းအမျိုးသားအဖွဲ့ချုပ် (ပ.အ.မ.ဖ)ပါတီ,Union Pa.O National Organization,၁၂.၉.၂၀၁၃,ဦးခွန်အောင်စစ်ပါ (၁၅)ဦး,ဦးခွန်အောင်စစ်၊ ဦးခွန်စိုးမြင့်,၁၈.၁.၂၀၁၃,၆.၁၂.၂၀၁၃,၂၃.၁.၂၀၁၄,အမှတ်စဉ်( ၇၃ ),/images/political/66flag.gif,/images/political/66logo.gif, ,ပြည်ထောင်စုတစ်ဝန်းလုံး,အိမ်အမှတ် (ည/၁၀၉၄)၊ နယ်မြေ (၃)၊ အနောက်မြို့ပတ်လမ်း၊ ညောင်ဖြူ စခန်း ရပ်ကွက်၊ တောင်ကြီးမြို့,၀၉-၄၂၀၀၉၁၀၇၉(ဥက္ကဌ),http://uecmyanmar.org/images/stories/policals_policies/66Union%20Pao%20National%20Organization123.rar
ရခိုင်အမျိုးသားပါတီ,Arakan National Party,၈.၁၁.၂၀၁၃,၃၀ ဦး,ဦးအေးသာအောင်၊ဒေါက်တာ အေးမောင်,၁၃.၁.၂၀၁၃,၂၇.၁.၂၀၁၄,၆.၃.၂၀၁၄,အမှတ်စဉ်( ၇၄ ),/images/political/74.gif,/images/political/74logo.gif, ,ပြည်ထောင်စုတစ်ဝန်းလုံး,အမှတ်(၃၉၃)၊ လမ်းမကြီး လမ်းမတော် တောင် ရပ်ကွက်၊ စစ်တွေမြို့၊ ရခိုင်ပြည်နယ်။,၀၉-၄၂၀၁၀၂၃၆၈(ဦးအေးသာအောင်)၊ ၀၉-၄၃၀၃၄၁၁၁ (ဒေါက်တာအေးမောင်),Download PDF
ချင်းဒီမိုကရေစီအဖွဲ့ချုပ်, ,၁၁.၄.၂၀၁၄,ဦးငိုင်ဆော့ခ် ပါ (၂၀)ဦး,ဦးငိုင်ဆော့ခ်၊ ဆလိုင်းဝုမ်ဇပြောင်,၆.၆.၂၀၁၄,၁၆.၆.၂၀၁၄,၁၅.၇.၂၀၁၄,အမှတ်စဉ်( ၇၅ ),/images/political/fpty-chindemocracy-flag.gif,/images/political/fpty-chindemocracy_logo1.gif, ,ပြည်ထောင်စုတစ်ဝန်းလုံး,အမှတ်(၁၀၉၇) ၊ ပြည်ထောင်စုလမ်းမ ၊ (၄၅)ရပ်ကွက် ၊ ဒဂုံမြို့သစ် (မြောက်ပိုင်း) မြို့နယ်,၀၉-၅၁၆၀၇၈၄၊၀၉၈၆၁၈၉၆(ဦးငိုင်ဆော့ခ်),http://uecmyanmar.org/images/stories/pdf/chindemocrayparty66.pdf
ခူမီး(ခမီး)အမျိုးသားပါတီ,[KHUMI (KHAMI) NATIONAL PARTY],၂၅.၁၁.၂၀၁၃,ဦးကျော်ထွန်း ပါ (၁၆)ဦး,ဦးကျော်ထွန်း၊ ဦးပြင်အောင်,၂၃.၅.၂၀၁၄,၁၀.၆.၂၀၁၄,၁၆.၇.၂၀၁၄,အမှတ်စဉ်( ၇၆ ),/images/political/fpty_khume_flag.gif,/images/political/fpty_khume_logo.gif, ,ချင်းပြည်နယ်အတွင်း,အမှတ်(၆)၊ ဆိပ်ကမ်းသာလမ်း၊ ရိက္ခာရပ်ကွက်၊ ပလက်ဝမြို့နယ်၊ ချင်းပြည်နယ်။,ဦးအေးထွန်း (ဖုန်း) ၀၉-၄၉၆၇၈၈၃၀ဖက်စ်-၃၃၃၁၄၅၁ ၊ ၃၃၃၁၄၅၂,http://uecmyanmar.org/images/stories/pdf/khumee67.pdf
လူ့ဘောင်သစ် ဒီမိုကရက်တစ် ပါတီ,Democratic Party For a New Society,၁၇-၁၂-၂၀၁၃,(၂၁) ဦး,ဦးအောင်မိုးဇော်၊ ဦးမြင့်နိုင် (ခ) ခွန်ရဲသွေး,၁၂-၅-၂၀၁၄,၂၀-၅-၂၀၁၄,၂၄-၁၀-၂၀၁၄,အမှတ်စဉ်( ၇၇ ),/images/political/24-11-2014-lubaung-flag.jpg,/images/political/24-11-2014-lubaung-logo.jpg, ,ပြည်ထောင်စုတစ်ဝန်းလုံး,အမှတ်(၂၅၁)၊ တတိယထပ်၊ ဆိပ်ကမ်းသာလမ်း၊ ကျောက်တံတားမြို့နယ်,၀၉-၄၂၀၁၄၈၅၀၁ ၊ ၀၉-၃၁၁၀၆၂၄၂,Download PDF
ကရင် အမျိုးသား ပါတီ,Karen National Party,၂-၆-၂၀၁၄,(၁၅)ဦး,မန်းကျော်ငြိမ်း၊ မန်းမြင့်စိုး,၁၆-၇-၂၀၁၄,၁၁-၈-၂၀၁၄,၂၄-၁၀-၂၀၁၄,အမှတ်စဉ်(၇၈),/images/political/24-11-2014-karen-flag.jpg,/images/political/24-11-2014-karen-logo.jpg, ,ပြည်ထောင်စုတစ်ဝန်းလုံး,အမှတ်(၆၃၆)၊ ခဝဲခြံ(၁) လမ်း၊ အနောက် ကြို့ကုန်းရပ်ကွက်၊ အင်းစိန် မြို့နယ်၊,				၀၉-၄၉၃၂၉၈၄၉၊ ၀၉-၄၄၈၀၂၁၉၂၃			,Download PDF
မြန်မာနိုင်ငံ တောင်သူ လယ်သမား အလုပ်သမား ပြည်သူ့ပါတီ,People`s Party of Myanmar Farmers And Workers,၂၄-၇-၂၀၁၄,(၂၂)ဦး,ဦးအောင်မျိုးခိုင်၊ ဦးကိုကိုလွင်,၂၂-၉-၂၀၁၄,၁၄-၁၀-၂၀၁၄,၉-၁၂-၂၀၁၄,အမှတ်စဉ်( ၇၉ ),/images/political/PPMF-flag.jpg,/images/political/PPMF-logo.jpg, ,ပြည်ထောင်စုတစ်ဝန်းလုံး,အမှတ်(၂)၊ တကောင်းဘုရားလမ်း၊ (၄)ရပ်ကွက်၊ ပုသိမ်မြို့၊ ဧရာဝတီတိုင်းဒေသကြီး,၀၉-၄၂၂၅၂၉၀၆၉ (ဦးအောင်မျိုးခိုင်)၀၉-၄၉၇၆၄၅၇၃(ဦးကိုကိုလွင်),http://uecmyanmar.org/images/stories/pdf/79%20PPMFW.pdf
မြိုအမျိုးသားဒီမိုကရေစီပါတီ , ,၂၆.၈.၂၀၁၄,၂၃ ဦး,ဦးမောင်မြထွန်း၊ဦးမောင်စံအောင်,၁၈.၁၂.၂၀၁၄,၆.၁.၂၀၁၅,၉.၂.၂၀၁၅,အမှတ်စဉ် (၈၀),/images/political/71-mroflg.jpg,/images/political/71-mrologo.jpg, ,ပြည်ထောင်စုတစ်ဝန်းလုံး,အမှတ် (၁၄၄)၊ ဗုဒ္ဓဂါယာရပ်ကွက်၊ မြို့သစ်ရပ်၊ အောင်တပ် ရပ်ကွက်၊ မြောက်ဦးမြို့၊ ရခိုင်ပြည်နယ်,၀၉-၇၃၀၅၀၇၄၃ (ဦးမောင်မြထွန်း), 
ဓနုအမျိုးသားများအဖွဲ့ချုပ်ပါတီ,Danu National Organization Party,၃၀.၁၀.၂၀၁၄,ဦးခင်မောင်ညို ပါ (၃၆) ဦး,ဒေါ်ချောနု၊ဒေါ်လေးလေးဖြူ,၉.၂.၂၀၁၅,၂၇.၂.၂၀၁၅,၂၇.၄.၂၀၁၅,အမှတ်စဉ် (၈၁),/images/political/dnop-flag.jpg,/images/political/dnop-logo.jpg, ,ရှမ်းပြည်နယ်အတွင်း,အိမ်အမှတ် (ဈ-၃၄၈)၊ သစ္စာလမ်း၊ စျေးတန်း (တောင်ပိုင်း) ရပ်ကွက်၊ ရွာငံမြို့၊ ရှမ်းပြည်နယ်,၀၉ - ၄၉ ၃၅ ၇၈၄၄, 
ပြည်သူ့အကျိုးပြုကျောင်းသားများဒီမိုကရေစီပါတီ,Public Contribute Students Democracy Party,၂၅.၁၁.၂၀၁၄,ဦးမင်းမင်းထွန်းပါ (၂၀) ဦး,ဦးမင်းမင်းထွန်း၊ဦးဌေးအောင်,၉.၃.၂၀၁၅,၁၇.၃.၂၀၁၅,၂၈.၄.၂၀၁၅,အမှတ်စဉ် (၈၂),/images/political/pcsdp-flag.jpg,/images/political/pcsdp-logo.jpg, ,ပြည်ထောင်စုတစ်ဝန်းလုံး,အမှတ် (၃၆၆/က)၊ ဦးပုညလမ်း၊ အမှတ် (၈) ရပ်ကွက်၊ လှိုင်သာယာမြို့နယ်၊ ရန်ကုန်တိုင်းဒေသကြီး,၀၉ - ၄၂ ၁၀ ၃၇၉၈၈ (ဦးမင်းမင်းထွန်း)၀၉ - ၄၂၀၀ ၂၀၀ ၈၃ (ဦးအောင်ဆန်း), 
လမ်းပြကြယ်ပါတီ,Guiding Star Party,၂၇.၈.၂၀၁၄,ဦးအေးမြင့်ပါ (၁၇) ဦး,ဦးအေးမြင့်၊ ဦးထွန်းနိုင် (ခ) ဦးတိုးနိုင်,၆.၃.၂၀၁၅,၂၅.၃.၂၀၁၅,၂၀.၅.၂၀၁၅,အမှတ်စဉ် (၈၃),/images/political/74-flg-gsp.jpg,/images/political/74-lolgo-gsp.jpg, ,ပြည်ထောင်စုတစ်ဝန်းလုံး,အမှတ်(၁၅၃၆)၊ (၆) လမ်း၊ အလင်းရောင် (၁) ရပ်ကွက်၊ ပဲခူးမြို့ ၊ ပဲခူးတိုင်းဒေသကြီး,၀၉ - ၄၂၈၁ ၆၈၂၉၇ (ဦးခင်ဇော်)၊ ၀၅၄ - ၄၀၀၂၂ (ဖက်စ်), 
ရှမ်းနီ (တိုင်းလိုင်) နှင့် မြောက်ပိုင်းရှမ်းမျိုးနွယ်စုများ သွေးစည်းညီညွတ်ရေးပါတီ,Shan-ni & Northern Shan ethnics solidarity party (S.N.S.P),၁၉.၁၁.၂၀၁၄,ဦးခင်မောင်စန်းပါ (၁၉) ဦး,ဦးစောဝင်းထွန်း၊ ဦးအောင်ခင်း,၉.၃.၂၀၁၅,၂၅.၃.၂၀၁၅,၂၀.၅.၂၀၁၅,အမှတ်စဉ် (၈၄),/images/political/75-Shanni-Flag.png,/images/political/75-Shanni-Logo.png, ,ပြည်ထောင်စုတစ်ဝန်းလုံး,အမှတ် (ဓ-၁/၇၀-ခ)၊ ကံ့ကော်လမ်း၊ ၄၀x၄၁ နှင့် ၆၇x၆၈ လမ်းကြား၊ မဟာမြိုင် (၁) ရပ်ကွက်၊ မဟာအောင်မြေမြို့နယ်၊ မန္တလေးတိုင်းဒေသကြီး,၀၉- ၉၁၀၁၀၃၁၅၊ ၀၉-၂၀၁၆၉၁၆ (ဦးစော၀င်းထွန်း)၊ ၀၉-၅၁၉ ၂၇၀၀ (ဦးအောင်ခင်း), 
လူ့ဘောင်သစ်ပါတီ,New Society Party,၄.၃.၂၀၁၄,ဦးဇေယျပါ (၁၆) ဦး,ဦးဇေယျ၊ ဦးကျော်လင်း,၆.၃.၂၀၁၅,၉.၃.၂၀၁၅,၃.၆.၂၀၁၅,အမှတ်စဉ် (၈၅),/images/political/76-NSP-Flag.jpg,/images/political/76-NSP-Logo.jpg, ,ပြည်ထောင်စုတစ်ဝန်းလုံး,အမှတ် (၁၀၆/၁၀၈)၊မြန်မာ့ဂုဏ်ရည်လမ်း (၉၁ လမ်းထိပ်)၊ မင်္ဂလာတောင်ညွန့်မြို့နယ်၊ ရန်ကုန်တိုင်းဒေသကြီး,၀၉- ၇၃၂၄ ၈၅၆၇ (ဦးဇေယျ), 
